name,old_state,old_city,new_state,new_city,reason,address
Neelkanth Star DC Charging Station,Haryana,Gurugram,Haryana,Karnal,High-confidence station/address locality correction,"Neelkanth Star Karnal, NH 44, Gharunda, Kutail, Haryana 132114"
Circle Test Station Goa,Goa,Pune,Goa,Margao,High-confidence station/address locality correction,"Isidorio Baptista Rd, Pajifond, Margao, Goa 403601"
Mindra D S Fasteners Charging Station,Gujarat,Pune,Gujarat,Rajkot,High-confidence station/address locality correction,"National Highway 27 (8B), Opp. 80 ft. Road End, Opp. K.S. Diesels, Rajkot-360 003, Gujarat, India"
Ganpati Petro DC Charging Station Hisar,Haryana,Sangli,Haryana,Hisar,High-confidence station/address locality correction,"Ganpati Petro, Indian Oil Corporation, Opp. Vidut Nagar, Delhi Road, Industrial Area, Hisar, Haryana 125011"
Ganpati Petro AC Charging Station Hisar,Haryana,Sangli,Haryana,Hisar,High-confidence station/address locality correction,"Ganpati Petro, Indian Oil Corporation, Opp. Vidut Nagar, Delhi Road, Industrial Area, Hisar, Haryana 125011"
AMC AC Charging Station,Maharashtra,Marunji,Maharashtra,Pimpri-Chinchwad,High-confidence station/address locality correction,"Phase 1, Hinjewadi Rajiv Gandhi Infotech Park, Hinjawadi, Pimpri-Chinchwad, Maharashtra 411057"
Mindra EV Charger Shott,Gujarat,Shela,Gujarat,Ahmedabad,High-confidence station/address locality correction,"Shott, Sindhu Bhavan Marg, Opposite Saket-3, Next to SANKALP SQUARE, PRL Colony, Thaltej, Ahmedabad, Gujarat 380059"
Highway King Behror Delhi Side DC Charging Station,Rajasthan,Gajraula,Rajasthan,Behror,High-confidence station/address locality correction,"Highway King Behror, NH 8, 3 Kms from behror towards delhi, Behror, Rajasthan 301701"
Suket Cafe DC Charging Station Sundar Nagar,Himachal Pradesh,Gajraula,Himachal Pradesh,Sundar Nagar,High-confidence station/address locality correction,"Suket Cafe, Pungh, National Highway 21, Sundar Nagar, Himachal Pradesh 175018"
Rani Bagh Resort DC Charging Station,Rajasthan,Beawar Khas,Rajasthan,Beawar,High-confidence station/address locality correction,"Rani Bagh Resort, N.H.8, By Pass Ajmer Road, Beawar, Rajasthan 305901"
Suket Cafe AC Charging Station Sundar Nagar,Himachal Pradesh,Bengaluru,Himachal Pradesh,Sundar Nagar,High-confidence station/address locality correction,"Suket Cafe, Pungh, National Highway 21, Sundar Nagar, Himachal Pradesh 175018"
The Forum Fiza Mall AC Charging Station Mangalore,Karnataka,Thane,Karnataka,Mangalore,High-confidence station/address locality correction,"Basement parking (B1), The Forum Fiza Mall, Mangaladevi Temple Road, Pandeshwar, Mangalore - 575001"
Hotel Reddison Square Katra AC Charging Station,Delhi,New Delhi,Jammu and Kashmir,Katra,High-confidence station/address locality correction,"Hotel Reddison Square, near shrine board central office, Katra, Jammu and Kashmir 182301, Phone No 9310843937"
Hotel Mount View International AC Charging Station,Delhi,New Delhi,Jammu and Kashmir,Katra,High-confidence station/address locality correction,"Hount Mount View International, Jammu Rd, Vaishnodevi, Katra, Jammu and Kashmir 182301"
Hotel Dolphin AC Charging Station,Delhi,New Delhi,Jammu and Kashmir,Katra,High-confidence station/address locality correction,"Hotel Dolphin, Railway Rd, Katra, Jammu and Kashmir 182301"
"DMIPL EV Charging Station, Ludhiana",Punjab,Natt,Punjab,Ludhiana,High-confidence station/address locality correction,"Dalbir Makkar India Pvt. Ltd., Ludhiana-Malerkotla Road, Opp. J K Resort, Rania, Ludhiana - 141122 (Punjab), Phone no 9814215411, 9316916147"
Nandavan DC Charging Station Nagoan,Maharashtra,Nagaon,Maharashtra,Alibag,High-confidence station/address locality correction,"Nandavan, Mahajan Wadi, Near Bhimeshwar Mandir, At Post Nagaon, Taluka Alibag, Dist. Raigarh, Pin 402204, Phone no Kedar Bane, +919923724004, Prashant Mahajan - +919619174428"
Unnati Social Foundation,Maharashtra,Pimpri-Chinchwad,Maharashtra,Pune,High-confidence station/address locality correction,"Unnati Social Foundation Jarvari Society, Opposite PK International School, Pimple Saudagar, Pune"
"HP PETROL PUMP - SAI PETROLEUM,MUMBAI",Maharashtra,Bengaluru,Maharashtra,Mumbai,High-confidence station/address locality correction,"Village Katai gao, Kalyan - Shilphata Rd, Dombivli East, Mumbai, Maharashtra 421203"
"ShriSamarth DC Charging Station, Beed",Maharashtra,Bengaluru,Maharashtra,Beed,High-confidence station/address locality correction,"EV Charging Station, Near Mancott Jining Gevrai Road, NH 61, Phule Pimpalgaon, Maharashtra 431142"
Advant IT Park DC Charging Station Noida,Maharashtra,Greater Noida,Uttar Pradesh,Greater Noida,Canonical city-to-state consistency correction,"Advant IT Park, Plot No. 7, Noida-Greater Noida Expy, Sector 142, Noida, Uttar Pradesh 201305"
Hans Resort DC Charging Station Rewari,Karnataka,Nashik,Haryana,Rewari,High-confidence station/address locality correction,"Hans Resort, 91 Milestone, Delhi-Jaipur Highway, near Kasola Chowk, Rewari, Haryana 123401"
Saviruchi Veg DC Charging Station Mysore,Karnataka,Nashik,Karnataka,Malavalli,High-confidence station/address locality correction,"Saviruchi Veg, Sri Venkateshwara Arcade, Malavalli, Karnataka 571430"
Hotel Shree Veg Solapur DC Charging Station,Maharashtra,Bhadalwadi,Maharashtra,Baramati,High-confidence station/address locality correction,"Hotel Shree Veg, Solapur - Pune Hwy, Bhadalwadi, Baramati, Maharashtra 413104, India"
140% Veg Gulshan Dhaba Kotwan DC Charging Station,Uttar Pradesh,Kotwan,Uttar Pradesh,Kosi Kalan,High-confidence station/address locality correction,"140% Veg Gulshan Dhaba, Kotwan, Mathura, Uttar Pradesh 281403, India"
Decathlon Anubhava,Maharashtra,Bengaluru,Karnataka,Bengaluru,Canonical city-to-state consistency correction,"Survey No 78/10, A2, Bellary Road, Bangalore Airport Road, Chikkajala,"
Forum Shantiniketan,Maharashtra,Bengaluru,Karnataka,Bengaluru,Canonical city-to-state consistency correction,"Whitefield Main Road, Hoodi, Thigalarapalya, Krishnarajapura, Bengaluru, Karnataka"
Park Square Mall,Maharashtra,Bengaluru,Karnataka,Bengaluru,Canonical city-to-state consistency correction,"UB1 Parking.40, ITPB Main Road, International Tech Park, Whitefield Main Rd, Pattandur Agrahara, Whitefield, Bengaluru, Karnataka 560066"
GT World Mall,Maharashtra,Bengaluru,Karnataka,Bengaluru,Canonical city-to-state consistency correction,"Magadi Main Rd, next to Prasanna Theatre, Cholourpalya, Bengaluru, Karnataka 560023"
Orion Mall,Maharashtra,Bengaluru,Karnataka,Bengaluru,Canonical city-to-state consistency correction,"Dr Rajkumar Road, Rajajinagar,"
Phoenix Market City,Odisha,Bengaluru,Karnataka,Bengaluru,Canonical city-to-state consistency correction,"Whitefield Main Road, Mahadevpura, Bengaluru, Karnataka 560048"
Patel's Inn,Odisha,Bengaluru,Karnataka,Bengaluru,Canonical city-to-state consistency correction,"No 1, 15th Cross, 2nd Block, Govindaraj Garden, R.T Nagar,"
Coco Jaunt 1728 - Anna Nagar,Puducherry,Chennai,Tamil Nadu,Chennai,Canonical city-to-state consistency correction,"t-2, 4th Main Rd, Anna Nagar West, Anna Nagar, Chennai, Tamil Nadu 600040"
Infinitea,Punjab,Bengaluru,Karnataka,Bengaluru,Canonical city-to-state consistency correction,"6,ESI Hospital Road HAL 2nd Stage, 100 feet road, Indiranagar, Doopanahalli, Bengaluru, Karnataka"
The Only Place,Punjab,Bengaluru,Karnataka,Bengaluru,Canonical city-to-state consistency correction,"Siddam Setty Complex, Museum Rd, Next To, Shanthala Nagar, Ashok Nagar, Bengaluru, Karnataka 560001"
Fab Cafe,Rajasthan,Bengaluru,Karnataka,Bengaluru,Canonical city-to-state consistency correction,"915, Kenchena Halli Rd, Remco Bhel Layout, Kenchenhalli, RR Nagar,560098"
The Moonshine Project restaurant Jubilee Hills,Rajasthan,Hyderabad,Telangana,Hyderabad,Canonical city-to-state consistency correction,"385, Road Number 82, Film Nagar, Jubilee Hills,"
Almond House Banjara Hills,Tamil Nadu,Hyderabad,Telangana,Hyderabad,Canonical city-to-state consistency correction,"8-2-350/3/1, Next to Meena Bazar, Rd Number 3, Panchavati Society Colony, AK Enclave, Green Valley, Banjara Hills, Hyderabad, Telangana"
Go Native,Tamil Nadu,Bengaluru,Karnataka,Bengaluru,Canonical city-to-state consistency correction,"#64, 10th Main Rd, 4th Block, 5th Block, Jayanagar, Bengaluru, Karnataka 560041"
TORQ92,Tamil Nadu,Bengaluru,Karnataka,Bengaluru,Canonical city-to-state consistency correction,"15, 5th Cross Road, Shantivana, Next to Sterling Park Apts, Kodigehalli Main Road, Sahakara Nagar, Bengaluru"
AtherSpace Indiranagar,Tamil Nadu,Bengaluru,Karnataka,Bengaluru,Canonical city-to-state consistency correction,"53, - 3rd main, 100th Feet Road, Defence Colony, Indira Nagar"
Royal Airavatha,Telangana,Bengaluru,Karnataka,Bengaluru,Canonical city-to-state consistency correction,"#749/1, Near R V Engineering College"
Kriyates - Thoraipakkam,Telangana,Chennai,Tamil Nadu,Chennai,Canonical city-to-state consistency correction,"No.361,Omr Escapade, Mada Koil Street, Okkiam, Thoraipakkam, Vivekananda Nagar, Thoraipakkam, Chennai, Tamil Nadu 600097"
Phoenix Market City - Velachery,Telangana,Chennai,Tamil Nadu,Chennai,Canonical city-to-state consistency correction,"142, Velachery Rd Indira Gandhi Nagar, Velachery Chennai, Tamil Nadu 600042"
Forum Vijaya Mall - Vadapalani,Telangana,Chennai,Tamil Nadu,Chennai,Canonical city-to-state consistency correction,"B1 Basement, No. 183, Arcot Road, NSK Salai, Vadapalani, Chennai, Tamil Nadu 600026"
Ampa Skywalk,Telangana,Chennai,Tamil Nadu,Chennai,Canonical city-to-state consistency correction,"No:1, Nelson Manickam Road, 627, Poonamalee High Road, Aminjikara"
AtWorks - Guindy,Uttarakhand,Chennai,Tamil Nadu,Chennai,Canonical city-to-state consistency correction,"39, North Parade Road, Chakrapani Colony, St Thomas Mount, Chennai, Tamil Nadu"
Cafe Azzure,Uttarakhand,Bengaluru,Karnataka,Bengaluru,Canonical city-to-state consistency correction,"No 315, CMR Road, 3rd Block, HRBR Layout, Kalyan Nagar,"
Almond House Kukatpally,West Bengal,Hyderabad,Telangana,Hyderabad,Canonical city-to-state consistency correction,"490, JNTU - Hitech City Road, K P H B Phase 3, Kukatpally, Hyderabad, Telangana"
Sarath City Capital Mall,Haryana,Hyderabad,Telangana,Hyderabad,Canonical city-to-state consistency correction,"Capital Mall, GF-070 & 071, Sarath City, Gachibowli - Miyapur Rd, Forest Dept Colony, Kondapur, Hyderabad, Telangana"
Atherspace Chennai,Chandigarh,Chennai,Tamil Nadu,Chennai,Canonical city-to-state consistency correction,"No.153, Wallace Garden 2nd St, Thousand Lights West, Nungambakkam, Chennai, Tamil Nadu 600006"
Athergrid CP,Haryana,Delhi,Delhi,Delhi,Canonical city-to-state consistency correction,"A 221 road no 6, D Block, Connaught Place, New Delhi, 110037"
The Bangalore Bakery,Maharashtra,Bengaluru,Karnataka,Bengaluru,Canonical city-to-state consistency correction,"No 30, Ground Floor, 1st Cross Road, Malleshwaram,"
Almond House SD Road,Delhi,Hyderabad,Telangana,Hyderabad,Canonical city-to-state consistency correction,"9-1-109/1B, Regimental Bazaar, Shivaji Nagar,"
"Swiss Castle, Vidyanagar",Punjab,Hyderabad,Telangana,Hyderabad,Canonical city-to-state consistency correction,"2-1-565/F/4, Nallakunta Main Rd, Vidya Nagar, Adikmet, Hyderabad"
Bliss Bakery & Cafe,Delhi,Pune,Maharashtra,Pune,Canonical city-to-state consistency correction,"Narayan Tower, near, Narayan Annaji Shinde Rd, Salunkhe Vihar Society, Kondhwa, Pune, Maharashtra"
Flip Side,Delhi,Hyderabad,Telangana,Hyderabad,Canonical city-to-state consistency correction,"ISB Rd, Financial District, Nanakramguda, Hyderabad, Telangana"
Taj Mahal Hotel,Tamil Nadu,Hyderabad,Telangana,Hyderabad,Canonical city-to-state consistency correction,"5-9-502, Gun Foundry Street Number 1, Gun Foundry, Abids"
Sai Menaka Commercial Complex,Tamil Nadu,Bengaluru,Karnataka,Bengaluru,Canonical city-to-state consistency correction,"1599/01, BB Main Road, Nehru Nagar, Next to Old Postoffice, Old Town, Yelahanka"
IDC Kitchen,Gujarat,Bengaluru,Karnataka,Bengaluru,Canonical city-to-state consistency correction,"No 67, 80 Feet Road, KGEHBS Layout, Devasandra, RMV 2nd Stage, Armane Nagar,"
Kalinga Veg Gourmet Kitchen,Kerala,Pune,Maharashtra,Pune,Canonical city-to-state consistency correction,"1st - 3rd Floor, House of Nosh, CTS 1365, Gulawani Maharaj Road, Swaroop Society, Vakil Nagar, Erandwane, Pune, Maharashtra"
TamTree,Andhra Pradesh,Pune,Maharashtra,Pune,Canonical city-to-state consistency correction,"Shop No.5, Pragati Bhavan, Behind Natural Ice Cream shop, Ghole Rd, near Bal Gandharva Chowk, Shivajinagar, Pune, Maharashtra"
KB's Woodlands,Tamil Nadu,Pune,Maharashtra,Pune,Canonical city-to-state consistency correction,"B J Road Railway Station, Sadhu Vaswani Rd, near Pune, Maharashtra,Sadhu Vaswani Chowk"
"Sangeetha Mobiles, Chandra Layout",Tamil Nadu,Bengaluru,Karnataka,Bengaluru,Canonical city-to-state consistency correction,"Shop #89/A, G Floor, 9th Cross Rd, Chandra Layout"
SPR CHENNAI FOOD COURT,Karnataka,Chennai,Tamil Nadu,Chennai,Canonical city-to-state consistency correction,"OLD NO: 76 , NEW NO: 112, VANAGARAM, Poonamallee High Rd, Chennai, Tamil Nadu 600095"
VMR Squares,Goa,Chennai,Tamil Nadu,Chennai,Canonical city-to-state consistency correction,"No. 5 & 6 Next to Tollgate, 200 Feet Radial Rd, Oggiyamduraipakkam, Tamil Nadu"
"Chai Kings, Porur",Gujarat,Chennai,Tamil Nadu,Chennai,Canonical city-to-state consistency correction,"No - 1/128 Ground Floor, Truck Road Iyyappanthangal, Porur"
Ather Space Hyderabad,Jharkhand,Hyderabad,Telangana,Hyderabad,Canonical city-to-state consistency correction,"Plot no. 1 & 2, Survey No - 64P, Rohini Layout Opp Shilparamam, Hitech City, Madhapur"
M's Street,Delhi,Chennai,Tamil Nadu,Chennai,Canonical city-to-state consistency correction,"N0, 396/1, Mambakkam - Medavakkam Main Rd, Munusamy Nagar, Vimala Nagar, Medavakkam"
Noma Talkies,Kerala,Hyderabad,Telangana,Secunderabad,High-confidence station/address locality correction,"3-4-99, Nacharam - Mallapur Rd, May Flower Hights, Vivekananda Nagar, Mallapur, Secunderabad, Telangana"
Regenta Central Antarim,West Bengal,Ahmedabad,Gujarat,Ahmedabad,Canonical city-to-state consistency correction,"Between Girish Coldrink and Xaviers Corner, Chimanlal Girdharlal Rd, Navrangpura, Ahmedabad, Gujarat"
"French toast, Panampilly Nagar",West Bengal,Kochi,Kerala,Kochi,Canonical city-to-state consistency correction,"8th Cross, Street B, Ambikapuram Rd, Panampilly Nagar, Ernakulam, Kerala"
"French Toast, Kacheripady",Bihar,Kochi,Kerala,Kochi,Canonical city-to-state consistency correction,"Chittoor Rd, near Westend Eye Hospital, Kacheripady, Kochi, Kerala"
Centre square mall,Tamil Nadu,Kochi,Kerala,Kochi,Canonical city-to-state consistency correction,"40/6972, Mahatma Gandhi Rd, Rajaji Junction, Kochi, Kerala"
The Food Drama,Tamil Nadu,Ahmedabad,Gujarat,Ahmedabad,Canonical city-to-state consistency correction,"Besides Geetanjali Party Plot, near sterling cancer hospital Sindhu bhawan road Bodakdev, Ahmedabad, Bodakdev, West, Thaltej, Ahmedabad, Gujarat"
Tea Post - The Desi Cafe,Tamil Nadu,Ahmedabad,Gujarat,Ahmedabad,Canonical city-to-state consistency correction,"Nr. Taj Lane Hotel, Sankalp Square Lane Nr. S. P. Ring Road, Sindhu Bhavan Marg, Road, Ahmedabad, Gujarat"
Smarttron Automations,Tamil Nadu,Bengaluru,Karnataka,Bengaluru,Canonical city-to-state consistency correction,"4th Floor, 1031, 24th Main Rd, 1st Sector, HSR Layout, Bengaluru"
Blue Tokai Coffee,Tamil Nadu,Mumbai,Maharashtra,Mumbai,Canonical city-to-state consistency correction,"Unit 20-22, Laxmi Woollen Mill, Opposite Blue Loft, Dr E Moses Marg, Off, Shakti Mills Ln, Mahalakshmi, Mumbai"
DSL Virtue Mall,Karnataka,Hyderabad,Telangana,Hyderabad,Canonical city-to-state consistency correction,"Near Rajiv Gandhi International Cricket Stadium, Survey Colony, Industrial Development Area, Uppal, Hyderabad, Telangana"
Jogo Infinite,Karnataka,Kochi,Kerala,Kochi,Canonical city-to-state consistency correction,"Louis Line, 3869a, Pandit Karuppan Rd, Perumanoor"
Sixth Avenue Cafe,Karnataka,Kozhikode,Kerala,Kozhikode,Canonical city-to-state consistency correction,"Ground Floor Baby Arcade, PT Usha Rd, near GatewayHotel, Kozhikode, Kerala"
Dr. Cafe,Tamil Nadu,Kozhikode,Kerala,Kozhikode,Canonical city-to-state consistency correction,"Kozhikode - Mavoor - Areacode Rd, Near Hindustan Petroleum, Velliparamba, Kozhikode, Kerala"
Cafe Kathaa,Tamil Nadu,Pune,Maharashtra,Pune,Canonical city-to-state consistency correction,"Unnamed Road, Fergusson college campus Rd, Shivajinagar, Pune, Maharashtra 411004"
"Kumaran Silks, T Nagar",Rajasthan,Chennai,Tamil Nadu,Chennai,Canonical city-to-state consistency correction,"12, Nageswaran Road, Parthasarathi Puram, T. Nagar"
Subway Aundh,Bihar,Pune,Maharashtra,Pune,Canonical city-to-state consistency correction,"1 Samar Paradise, DP Rd, Aundh, Pune, Maharashtra 411007"
"Chai Kings, Sai baba colony",Karnataka,Coimbatore,Tamil Nadu,Coimbatore,Canonical city-to-state consistency correction,"No. 546 and 567, NSR Rd, Saibaba Colony, Tamil Nadu"
Adani Shantigram,Tamil Nadu,Ahmedabad,Gujarat,Ahmedabad,Canonical city-to-state consistency correction,"Adani Shantigram, Gujarat 382421"
"1944 The Hocco Kitchen, Vaishnodevi",Uttar Pradesh,Ahmedabad,Gujarat,Ahmedabad,Canonical city-to-state consistency correction,"Vaishnodevi Cir, Ahmedabad, Gujarat"
Benjamin Bangalee,Maharashtra,Kolkata,West Bengal,Kolkata,Canonical city-to-state consistency correction,"P/122, James Long Sarani, Majhipara, Kolkata, West Bengal"
Suba International,West Bengal,Mumbai,Maharashtra,Mumbai,Canonical city-to-state consistency correction,"Plot No. 211, Chakala, Sahar Rd, Opposite Cigarette Factory, Andheri East, Mumbai, Maharashtra"
MCGM Parking || Runwal Anthurium,West Bengal,Mumbai,Maharashtra,Mumbai,Canonical city-to-state consistency correction,"Runwal Anthurium Rd, opposite Veena Nagar, Vardhman Nagar, Mulund West"
DLF Chennai,West Bengal,Chennai,Tamil Nadu,Chennai,Canonical city-to-state consistency correction,"Mount Poonamallee Rd, Manapakkam"
Kabra Metro One,West Bengal,Mumbai,Maharashtra,Mumbai,Canonical city-to-state consistency correction,"14, JP Rd, Aram Nagar, Seven Bunglow, Andheri West"
Lumber Jack,Haryana,Pune,Maharashtra,Pune,Canonical city-to-state consistency correction,"TechKaTech Innovation Hub, Karve road, Opp to Vandevi Temple, above Hotel Marathi Bana, Mavale Basti, Hingne Budrukh, Karve Nagar, Pune, Maharashtra ,Karve Nagar"
AtherSpace Pune,Haryana,Pune,Maharashtra,Pune,Canonical city-to-state consistency correction,"805, Bhandarkar Rd, Below Kung Apartments, Deccan Gymkhana, Pune, Maharashtra"
OMAXE Gurgaon Mall,Rajasthan,Gurugram,Haryana,Gurugram,Canonical city-to-state consistency correction,"71, Shanti St, Block S, Uppal Southend, Sector 49, Gurugram, Haryana"
MCGM Parking || Club Aquaria,Uttar Pradesh,Mumbai,Maharashtra,Mumbai,Canonical city-to-state consistency correction,"Devidas Lane, Shanti Ashram Borivali West, Near St.Lawrence High School, Mumbai, Maharashtra ,Borivali"
Focus Mall,Maharashtra,Kozhikode,Kerala,Kozhikode,Canonical city-to-state consistency correction,"Rajaji Road, Calicut- Kerala, India"
GM Cycle Parking Stand (Opp to sevai maiyyam),Rajasthan,Chennai,Tamil Nadu,Chennai,Canonical city-to-state consistency correction,"No 43/G, Station Road, Thirumalairajapuram, Avadi, Chennai, Tamil Nadu"
"Grand Mall, Kochi",Maharashtra,Kochi,Kerala,Kochi,Canonical city-to-state consistency correction,"Panvel - Kochi - Kanyakumari Hwy, Toll Junction, Edappally, Kochi, Kerala"
Hotel House Inn,Maharashtra,Noida,Uttar Pradesh,Noida,Canonical city-to-state consistency correction,"BS-100, Basai, Sector 70, Noida, Uttar Pradesh"
Kotak Mahindra Bank,Jammu and Kashmir,Indore,Madhya Pradesh,Indore,Canonical city-to-state consistency correction,"580, Mahatma Gandhi Rd, near Indraprastha Tower, Infront of, Race Course Road, Indore, Madhya Pradesh"
Dosa Magic,Maharashtra,Indore,Madhya Pradesh,Indore,Canonical city-to-state consistency correction,"147 B, Moon Palace Colony, Near Annapurna Police Station, Annapurna Road, Indore"
The blue roof Cafe,Telangana,Indore,Madhya Pradesh,Indore,Canonical city-to-state consistency correction,"236, Bhawarkua Main Rd, near Anand Super 100, Indrapuri Colony, Bhanwar Kuwa, Indore, Madhya Pradesh"
Nukkad Tea Cafe,Andhra Pradesh,Raipur,Chhattisgarh,Raipur,Terminal state evidence in address,"75, Jalvihar Colony Rd, Civil Lines, Raipur, Chhattisgarh"
Ather Space Ahmedabad,Delhi,Ahmedabad,Gujarat,Ahmedabad,Canonical city-to-state consistency correction,"Shop No. 01, Ground floor, 3rd Eye Vision Opp. Shivalik Plaza, near AMA, Panjrapole CharRasta, Ahmedabad, Gujarat"
"Cake Bee, Cantonment",Madhya Pradesh,Tiruchirappalli,Tamil Nadu,Tiruchirappalli,Canonical city-to-state consistency correction,"3/A, Bharathidasan Salai, near Campion School, Cantonment, Tamil Nadu, Trichy"
"Cake Bee, Singaram Nagar",Kerala,Tiruchirappalli,Tamil Nadu,Tiruchirappalli,Canonical city-to-state consistency correction,"Ground Floor, No.7, Singaram Nagar, Kattur, Trichy Tamil Nadu, Trichy"
Aspire - Step Inn Sector 27,Maharashtra,Gurugram,Haryana,Gurugram,Canonical city-to-state consistency correction,"opposite Jan Pratinidhi Apartments, Sector 27, Gurugram, Haryana 122009"
Brown Bites II,Maharashtra,Jaipur,Rajasthan,Jaipur,Canonical city-to-state consistency correction,"B-42, Sarthi Marg, Bhan Nagar, Jaipur, Rajasthan"
"Ather Space, Coimbatore",Maharashtra,Coimbatore,Tamil Nadu,Coimbatore,Canonical city-to-state consistency correction,"357, Patel Rd, Ram Nagar, Coimbatore, Tamil Nadu"
IIT Madras (ICSR),Chandigarh,Chennai,Tamil Nadu,Chennai,Canonical city-to-state consistency correction,"Near Gajendra Circle, Opposite to Admin Building, Indian Institute Of Technology, Adyar, Chennai, Tamil Nadu"
"Ather Space, Kochi",Delhi,Kochi,Kerala,Kochi,Canonical city-to-state consistency correction,"Ponnurunni-Chalikkavattom Rd, Ponnurunni East, Ponnurunni, Vyttila, Ernakulam, Kerala"
Treehouse Queens Pearl,Maharashtra,Gurugram,Haryana,Gurugram,Canonical city-to-state consistency correction,"SH 15A, Shanti Nagar, Shivaji Nagar, Sector 11, Gurugram, Haryana ,Gurgaon"
UB City,Maharashtra,Bengaluru,Karnataka,Bengaluru,Canonical city-to-state consistency correction,"No 24, Vittal Mallya Road, KG Halli, D' Souza Layout, Ashok Nagar,"
Trichi Kaveri Foods Private Limited,Kerala,Tiruchirappalli,Tamil Nadu,Tiruchirappalli,Canonical city-to-state consistency correction,"19, Main road, Annamalai Nagar"
Signature Mall,Tamil Nadu,Ghaziabad,Uttar Pradesh,Ghaziabad,Canonical city-to-state consistency correction,"Shop No. 2. Ground Floor Signature Street, G-Block, Govindpuram, Ghaziabad, Uttar Pradesh"
Hotel Noida International,Maharashtra,Noida,Uttar Pradesh,Noida,Canonical city-to-state consistency correction,"Nagar Complex Noida Road Opposite Mercedes Showroom, Sector 11, Noida, Uttar Pradesh ,Noida"
Carnival Cinemas Imax,Telangana,Mumbai,Maharashtra,Mumbai,Canonical city-to-state consistency correction,"Carnival Cinemas Imax, Anik Wadala Link Rd, Bhakti Park, Wadala, Mumbai, Maharashtra ,Worli"
Hotel Parktel,Andhra Pradesh,Ghaziabad,Uttar Pradesh,Ghaziabad,Canonical city-to-state consistency correction,"Omaxe Plaza, 583, Vijay Laxmi Pandit Marg, Near, Shakti Khand 2, Indirapuram, Ghaziabad, Uttar Pradesh"
Ardas Televentures Pvt Ltd,Andhra Pradesh,Jaipur,Rajasthan,Jaipur,Canonical city-to-state consistency correction,"#147, Rathore Nagar, Amrapali Road, Vaishali Nagar"
Cue Campus,Madhya Pradesh,Hubli,Karnataka,Hubli,Canonical city-to-state consistency correction,"B 4 chetan complex opp kims main gate Vidhyagar, PB Rd, Vidya Nagar"
Sony Center Bellad and Company,West Bengal,Hubli,Karnataka,Hubli,Canonical city-to-state consistency correction,"Sony Center, Lamington Rd, Deshpande Nagar, Hubli"
Bellad Towers,Maharashtra,Hubli,Karnataka,Hubli,Canonical city-to-state consistency correction,"Ground Floor Bannigida Stop, Gokul Rd"
Uma complex,Kerala,Chennai,Tamil Nadu,Chennai,Canonical city-to-state consistency correction,"No 14, Professors colony extn, Indian airforce road, East Tambaram"
"Coffee King, Adajan",Kerala,Surat,Gujarat,Surat,Canonical city-to-state consistency correction,"1,2. Abhinandan Heights, Nr.madhuvan circle, LP Savani Rd, Adajan Gam, Adajan, Surat, Gujarat"
Oyo Townhouse 278 Rohini,Kerala,Delhi,Delhi,Delhi,Canonical city-to-state consistency correction,"6-A, Pocket 27, Sector-24, Rohini, Delhi, 110085, New Delhi, Delhi"
Ather Space Jaipur,Kerala,Jaipur,Rajasthan,Jaipur,Canonical city-to-state consistency correction,"BL Tower, 2, Tonk Rd, near Sanghi Farm, Durgapura"
"Ather Space, Lajpat Nagar",Kerala,Delhi,Delhi,Delhi,Canonical city-to-state consistency correction,"A-32, Feroze Gandhi Rd, Lajpat Nagar II, Delhi"
Zozoz Pizzeria,Kerala,Hyderabad,Telangana,Hyderabad,Canonical city-to-state consistency correction,"Rd Number 45, opposite Khazana, CBI Colony, Jubilee Hills, Hyderabad, Telangana"
"Heart Cup Coffee, Gachibowli",Kerala,Hyderabad,Telangana,Hyderabad,Canonical city-to-state consistency correction,"Old Mumbai Hwy, next to HP Petrol Pump (Venkatadri Fuel Point, FCI Employees Cooperative Housing Society, Indira Nagar, Gachibowli, Hyderabad, Telangana"
NAKSHATRA PURE VEG,Kerala,Chennai,Tamil Nadu,Chennai,Canonical city-to-state consistency correction,"No.93, Bazaar Road, Madipakkam Main Rd, Ram Nagar South, Madipakkam"
Pepper & Tarragon Club Caffe,Gujarat,Hyderabad,Telangana,Hyderabad,Canonical city-to-state consistency correction,"Opposite to Aparna Sarovar, Nalagandla, Telangana"
"Ather Space, Trichy",Maharashtra,Tiruchirappalli,Tamil Nadu,Tiruchirappalli,Canonical city-to-state consistency correction,"20/C113, 5th Cross, Thillai Nagar,Trichy - 620018"
Narahari Silk House,Gujarat,Hyderabad,Telangana,Hyderabad,Canonical city-to-state consistency correction,"18-6-828, Lal Darwaza Rd, Balagunj, Lal Darwaza South, Lal Darwaza, Hyderabad, Telangana"
WeFix Automobile,Delhi,Pune,Maharashtra,Pune,Canonical city-to-state consistency correction,"Plot no.27(Residential, PCNTDA, Sector 10, Shriram Colony, Bhosari, Pune, Maharashtra ,Bhosari"
The Vizag Drive In,Delhi,Visakhapatnam,Andhra Pradesh,Visakhapatnam,Canonical city-to-state consistency correction,"4-72-12, Beach Road, next to BPCL Petrol Bunk, Lawsons Bay Colony, Visakhapatnam, Andhra Pradesh"
"Ather Space, Visakhapatnam",Maharashtra,Visakhapatnam,Andhra Pradesh,Visakhapatnam,Canonical city-to-state consistency correction,"Railway New Colony Rd, Sri Siddi Enclave, Railway New Colony, Visakhapatnam, Andhra Pradesh"
"Breadworld, Jawahar Nagar",Maharashtra,Kochi,Kerala,Kochi,Canonical city-to-state consistency correction,"Subhash Chandra Bose Road, Jawahar Nagar, Kadavanthra, Ernakulam, Kerala"
"Host The Hospitality Store (Breadworld, Thykoodam)",Haryana,Kochi,Kerala,Kochi,Canonical city-to-state consistency correction,"Thykoodam Service Rd, Vyttila, Thykoodam, Kochi, Kerala"
"Breadworld, Mavelipuram",Haryana,Kochi,Kerala,Kochi,Canonical city-to-state consistency correction,"7/5 1 6- 1, 2, 3, Seaport u2013 Airport Rd, Mavelipuram, Kakkanad, Kerala"
"Breadworld, Petta",Haryana,Kochi,Kerala,Kochi,Canonical city-to-state consistency correction,"50/698 pushpamangalam Heritage, petta Maradu Road Near Gandhi Square"
"Ather Space, Kozhikode",Haryana,Kozhikode,Kerala,Kozhikode,Canonical city-to-state consistency correction,"MCC Cross Rd, Vellayil, Kozhikode, Kerala"
AtherSpace JP Nagar,Maharashtra,Bengaluru,Karnataka,Bengaluru,Canonical city-to-state consistency correction,"292, Outer Ring Rd, J P Nagar Phase 5"
BMC Market Bhandup,Gujarat,Mumbai,Maharashtra,Mumbai,Canonical city-to-state consistency correction,"320, 3rd Floor, BMC Market, Station Road, Bhandup West, next to Dreamz Mall, Bhandup (W, Bhandup East, Mumbai, Maharashtra"
Trichy Sarathas,Maharashtra,Tiruchirappalli,Tamil Nadu,Tiruchirappalli,Canonical city-to-state consistency correction,"No. 45, NSB Rd, Teppakulam, Tamil Nadu"
"Ather space, Indore",Punjab,Indore,Madhya Pradesh,Indore,Canonical city-to-state consistency correction,"TBC Tower, Geeta Bhawan, AB Road"
DISHKO Eatery,Uttar Pradesh,Thiruvananthapuram,Kerala,Thiruvananthapuram,Canonical city-to-state consistency correction,"TC 26, Taj Arcade, 860(1, Bakery Jct Rd, Bakery Junction, Panavila, Thycaud, Thiruvananthapuram, Kerala"
Charminar Chowrasta Cafe,Madhya Pradesh,Visakhapatnam,Andhra Pradesh,Visakhapatnam,Canonical city-to-state consistency correction,"12-43/4 GF, R K Nagar, Pothinamallayya Palem, Visakhapatnam, Andhra Pradesh"
Best Western Ramachandra Hotel,West Bengal,Visakhapatnam,Andhra Pradesh,Visakhapatnam,Canonical city-to-state consistency correction,"8-8-36, GNT Rd, Medical Center, Gajuwaka, Visakhapatnam, Andhra Pradesh"
Cygnett Inn Ramachandra,West Bengal,Visakhapatnam,Andhra Pradesh,Visakhapatnam,Canonical city-to-state consistency correction,"31-2-4/5, NH16, opp. All India Radio Station, Kurmannapalem, Visakhapatnam, Andhra Pradesh"
Moondru Kambam Nellai Muthu Vilas Sweets & Bakes,West Bengal,Coimbatore,Tamil Nadu,Coimbatore,Canonical city-to-state consistency correction,"#422 A, Palakkad Main Rd, near Cassino Furniture, Kuniyamuthur, Tamil Nadu"
"CakeBee, Sulur",Jharkhand,Coimbatore,Tamil Nadu,Coimbatore,Canonical city-to-state consistency correction,"322/2 DEFENCE COLONY 2nd STREET, KADAMBADI VILLAGE, Sulur, Tamil Nadu"
Tiruppur Sree Annapoorna,Maharashtra,Coimbatore,Tamil Nadu,Tiruppur,High-confidence station/address locality correction,"Road, Rayan Kovil, Avinashi, Tamil Nadu"
Aastha Talkies,West Bengal,Indore,Madhya Pradesh,Indore,Canonical city-to-state consistency correction,"Near 452010, Patni Pura Rd, Nanda Nagar, Indore, Madhya Pradesh"
Ather Space Nashik,West Bengal,Nashik,Maharashtra,Nashik,Canonical city-to-state consistency correction,"Ather Space - Ather Energy's Experience Centre ( Patwa Auto Drive), Patwa EV Zone, Trimbakeshwar Rd, opp. Sebel Hotel, Nashik, Maharashtra"
"Just Loaf, Kozhikode",West Bengal,Kozhikode,Kerala,Kozhikode,Canonical city-to-state consistency correction,"Beach Rd, opp. Kozhikode Corporation Office, Mananchira, Kozhikode, Kerala , India"
"Just Loaf, Perinthalmanna",Telangana,Malappuram,Kerala,Malappuram,Canonical city-to-state consistency correction,"Just Loaf, Perinthalmanna Jubilee Bypass, Road, Perintalmanna, Kerala , India"
"Hocco Eatery, Vastral",Telangana,Ahmedabad,Gujarat,Ahmedabad,Canonical city-to-state consistency correction,"MADHAV 99 19, Nirant Cross Rd, Mahadev Nagar Tekra, Ahmedabad, Gujarat"
Prestige Falcon Towers,Telangana,Bengaluru,Karnataka,Bengaluru,Canonical city-to-state consistency correction,"No 19, Brunton Rd, Craig Park Layout, Ashok Nagar,"
Reliance Digital Kamlanagar,Jharkhand,Delhi,Delhi,Delhi,Canonical city-to-state consistency correction,"37 Bunglow Road Kamla Nagar, opp. Amitabh Guest House, Civil Lines, New Delhi"
Food Sixteen Restaurant,Bihar,Delhi,Delhi,Delhi,Canonical city-to-state consistency correction,"Metro Station, A-16, Grand Trunk Rd, near Adarsh Nagar, Indira Nagar, Azadpur, New Delhi"
Abhay Graphics II,Andhra Pradesh,Pune,Maharashtra,Pune,Canonical city-to-state consistency correction,"D-II, Plot no 32, Unit B - Near Kia Showroom, In front of HDFC Colony, Chinchwad"
Miramar Residency - Blive,Jammu and Kashmir,Goa,Goa,Goa,Canonical city-to-state consistency correction,"Miramar Beach, Miramar, Panaji, Goa"
Old Goa Residency- Blive,Rajasthan,Goa,Goa,Goa,Canonical city-to-state consistency correction,"Near Old Goa Fire Brigade, Goa"
Eham Digital,Rajasthan,Kozhikode,Kerala,Kozhikode,Canonical city-to-state consistency correction,"2nd Unison Tower, Thondayad Junction Thondayad Bye Pass, near Star Care Hospital, Kozhikode, Kerala"
Mall of Mysore,Uttar Pradesh,Mysuru,Karnataka,Mysuru,Canonical city-to-state consistency correction,"No.C-1, M.G Road Indira Nagar, Nazarbad Mohalla, Extension"
"Cafe Coffee Day, Gokulam Road",West Bengal,Mysuru,Karnataka,Mysuru,Canonical city-to-state consistency correction,"6th Main, Gokulam Road, V V Mohalla Ground Floor, C/O Star Wing Building"
The Smith's Cafe & bakery,Maharashtra,Chennai,Tamil Nadu,Chennai,Canonical city-to-state consistency correction,"Balaji Nagar 2nd Cross St, Balaji Nagar, Ponniammanmedu, Chennai, Tamil Nadu"
Sri Murugan Stores,Andhra Pradesh,Chennai,Tamil Nadu,Chennai,Canonical city-to-state consistency correction,"9&10, Tejraj colony, Agaram Main Rd, Selaiyur, Chennai, Tamil Nadu"
Firewood Restaurant,Odisha,Jaipur,Rajasthan,Jaipur,Canonical city-to-state consistency correction,"B-136A, RAJENDRA MARG, near JANTA STORE, CROSSING, BapuNagar"
Oyo Silverkey 42750,Gujarat,Gurugram,Haryana,Gurugram,Canonical city-to-state consistency correction,"170, Medicity, Islampur Colony, Sector 38, Gurugram"
Amrit Residency,Gujarat,Gurugram,Haryana,Gurugram,Canonical city-to-state consistency correction,"Opposite Ayyappa Temple, Dundahera, Surya Vihar, Sector 21, Gurugram"
"Cafe coffee day, Kazhakootam, Trivandrum",Karnataka,Thiruvananthapuram,Kerala,Thiruvananthapuram,Canonical city-to-state consistency correction,"Queen Tower, Kazhakootam, Thiruvananthapuram, Kerala"
Peep Kitchen,Karnataka,Goa,Goa,Panaji,High-confidence station/address locality correction,"Risara Luxury , Ground Floor , Taliegao Market Road , Near Taliegao Near Taliegao Community Centre Taliegao, Panaji, Goa"
Blive HO,Karnataka,Goa,Goa,Panaji,High-confidence station/address locality correction,"Plot No. 22-B, GF-1, Happy Home Co-op. Soc, La Campala Colony, Miramar, Panaji, Goa"
Karkhana - The Food Garage,Karnataka,Raipur,Chhattisgarh,Raipur,Terminal state evidence in address,"SHOP No. 12 JAI SHADARAM MARKET DHAMTARI ROAD, NH30, Raipur, Chhattisgarh"
Jyoti Guest House,Karnataka,Jaipur,Rajasthan,Jaipur,Canonical city-to-state consistency correction,"8/238, Sector 8, Malviya Nagar, Jaipur"
Xperia,Karnataka,Ahmedabad,Gujarat,Ahmedabad,Canonical city-to-state consistency correction,"Opposite Radhe Fortune, Bhat Circle, S.P Ring Road, Ah,edabad"
Ather Space - Gujranwala Town,Tamil Nadu,Delhi,Delhi,Delhi,Canonical city-to-state consistency correction,"A 11, GT Karnal Rd, near Vinayak Hospital, Block A, Gujranwala Town, Delhi, 110009"
Navneet Institute,Tamil Nadu,Ahmedabad,Gujarat,Ahmedabad,Canonical city-to-state consistency correction,"101-102, Prarthana Complex, nr. Kakadia Hospital, opp. Dinesh Chambers, Bapunagar, Ahmedabad, Gujarat"
Shri Laxmi Kedar Jewellers,Telangana,Nashik,Maharashtra,Nashik,Canonical city-to-state consistency correction,"Jijamata Rd, Bhandi Bazar, Saraf Bazar, Panchavati, Nashik, Maharashtra"
The Emerald Resort,Telangana,Pune,Maharashtra,Pune,Canonical city-to-state consistency correction,"Lonavala Annexe,Somatne, Old Mumbai - Pune Hwy, Near Pioneer Hospital, Tukaram Nagar, Talegaon Dabhade, Maharashtra"
Inox Bund Garden Road,Telangana,Pune,Maharashtra,Pune,Canonical city-to-state consistency correction,"Plot No.D, Bund Garden Rd, Pune, Maharashtra"
Black Spate,Telangana,Jaipur,Rajasthan,Jaipur,Canonical city-to-state consistency correction,"G-6, Shreenath Tower, Sector 2, Central Spine, Vidyadhar Nagar"
Barista,Telangana,Pune,Maharashtra,Pune,Canonical city-to-state consistency correction,"Shop 1-6,82/2/2a, Sahkarnagar, Parvati, Pune, Maharashtra"
Precision Path Lab,Maharashtra,Jaipur,Rajasthan,Jaipur,Canonical city-to-state consistency correction,"72/2, Shipra Path, Patel Marg, Mansarovar, Jaipur, Rajasthan"
Ather Space Goa,Maharashtra,Goa,Goa,Porvorim,High-confidence station/address locality correction,"Betim-Pomburpa Rd, Alto- Betim Porvorim, Penha de Franu00e7a, Goa"
Ather test ride centre,Maharashtra,Hyderabad,Telangana,Hyderabad,Canonical city-to-state consistency correction,"160/1, Patny Center, Sardar Patel Rd, Hyderabad, Telangana"
Prestige Khoday Tower,Maharashtra,Bengaluru,Karnataka,Bengaluru,Canonical city-to-state consistency correction,"No 5, Raj Bhavan Road, Vasanth Nagar"
Prestige Saleh Ahmed,Maharashtra,Bengaluru,Karnataka,Bengaluru,Canonical city-to-state consistency correction,"No 24, Lady Curzon Road, Tasker Town, Shivaji Nagar,"
Mama Panda,Maharashtra,Vijayawada,Andhra Pradesh,Vijayawada,Terminal state evidence in address,"Royal arcade, beside sweet magic , opp to dvmanor, MG Rd, Vijayawada, Andhra Pradesh"
AtherSpace Mysore,Delhi,Mysuru,Karnataka,Mysuru,Canonical city-to-state consistency correction,"#1A, A1, Hunsur Main Rd, Hinkal"
Bamboo & Biryani,Uttar Pradesh,Vijayawada,Andhra Pradesh,Vijayawada,Terminal state evidence in address,"40-3-18, Kalyanam Ramarao St, Venkateswara Puram, Sidhartha Nagar, Labbipet, Vijayawada, Andhra Pradesh"
Lodha Venezia CPL,Haryana,Mumbai,Maharashtra,Mumbai,Canonical city-to-state consistency correction,"GD Ambekar Marg, Lal Baug, Parel, Mumbai, Maharashtra"
Cafe Peter,Delhi,Pune,Maharashtra,Pune,Canonical city-to-state consistency correction,"Waman Ganesh Heights, Pashan Rd, Bavdhan, Pune, Maharashtra"
Throttle Shrottle Moto Cafe,Delhi,Gurugram,Haryana,Gurugram,Canonical city-to-state consistency correction,"Faridabad - Gurgaon Rd, Baliawas, Bandhwari, Haryana 122102"
Inox R21,Maharashtra,Ahmedabad,Gujarat,Gandhinagar,High-confidence station/address locality correction,"Plot No 145, 2nd Floor, Royal Honda Showroom, Sector 21, Gandhinagar, Gujarat"
Inox R16,Maharashtra,Ahmedabad,Gujarat,Gandhinagar,High-confidence station/address locality correction,"Cluster_gandhinagar 2 Office, Sector 16, Gandhinagar, Gujarat"
Acre Bengaluru,Maharashtra,Bengaluru,Karnataka,Bengaluru,Canonical city-to-state consistency correction,"No 63 , International Airport Road, Meenugunte, Jala Hobli, Yelahanka, Taluk"
AtherSpace Hubli,Gujarat,Hubli,Karnataka,Hubli,Canonical city-to-state consistency correction,"P. B. Road, Bhairidevarkoppa"
Antares Restaurant and Beach Club,Karnataka,Goa,Goa,Vagator,High-confidence station/address locality correction,"Small Vagator, Ozran Beach, Vagator, Goa"
The Wood Apple Cafe,Maharashtra,Siliguri,West Bengal,Siliguri,Terminal state evidence in address,"SONARTORI VILLAGE, Patel Road, Ward 2, Pradhan Nagar, Siliguri, West Bengal 734003"
The Cindrella Hotel,Maharashtra,Siliguri,West Bengal,Siliguri,Terminal state evidence in address,"3rd Mile, Sevoke Rd, Chayan Para, Salugara, Siliguri, West Bengal 734008"
Cafe Cornucopia,Maharashtra,Mysuru,Karnataka,Mysuru,Canonical city-to-state consistency correction,"22nd Cross, 14th Main Rd, C Block, Vijay Nagar 3rd Stage, Garudachar Layout"
Ather Space Raipur,Uttar Pradesh,Raipur,Chhattisgarh,Raipur,Terminal state evidence in address,"EC Location: Atherspace Raipur, Shop No.2, Ground Floor, Plot No. 11/5, Block No. 94, Beside Hotel Mayura, Jai Stambh Chowk, Raipur, Chhattisgarh"
Ather Space - Janakpuri,Uttar Pradesh,Delhi,Delhi,Delhi,Canonical city-to-state consistency correction,"Ground floor, BF-1, Janakpuri, Jail Road, New Delhi 110058"
Ather Space Surat,Telangana,Surat,Gujarat,Surat,Canonical city-to-state consistency correction,"G1 and G2, Milagro Milestone, opposite UM Road, Someshwara Enclave, Vesu, Surat, Gujarat"
Ather Space - Lalbagh,Telangana,Lucknow,Uttar Pradesh,Lucknow,Canonical city-to-state consistency correction,"38 A Foresith Road, Near Novelty Cinema, opp. Daya Nidhan Park, Lalbagh, Lucknow, Uttar Pradesh 226001"
Magenta House - Mumbai,Telangana,Mumbai,Maharashtra,Mumbai,Canonical city-to-state consistency correction,"TTC Industrial Area, MIDC Industrial Area, Sanpada, Navi Mumbai"
"Ather Space, Trivandrum",Telangana,Thiruvananthapuram,Kerala,Thiruvananthapuram,Canonical city-to-state consistency correction,"Sycamore Complex, Plamoodu Junction, Pattom"
Ranthal Gardens Restaurant,Uttar Pradesh,Thiruvananthapuram,Kerala,Thiruvananthapuram,Canonical city-to-state consistency correction,"near post office, Nemom, Kerala"
Kalikkalam Sports,Uttar Pradesh,Thiruvananthapuram,Kerala,Thiruvananthapuram,Canonical city-to-state consistency correction,"Opposite Infosys/UST, On Road Opposite Infosys Main Gate, behind Al Saj Arena, Poundukadavu"
Ather Space Nagole,Maharashtra,Hyderabad,Telangana,Hyderabad,Canonical city-to-state consistency correction,"Near Sunrise cars, Plot no.64/B, Mamatha Nagar, Nagole X Road, near Supraja Hospital, Hyderabad, Telangana"
MGS Tata Autofab,Maharashtra,Lucknow,Uttar Pradesh,Lucknow,Canonical city-to-state consistency correction,"C 52, Tedhi Pulia, Ring Road, Near Jagrani Hospital, Lucknow - 226022, Uttar Pradesh, India"
The Hazelnut Factory,Gujarat,Lucknow,Uttar Pradesh,Lucknow,Canonical city-to-state consistency correction,"B 192, Niralanagar, Lucknow - 226020"
"The Hazelnut Factory, Alambagh",Gujarat,Lucknow,Uttar Pradesh,Lucknow,Canonical city-to-state consistency correction,"LGF & UGF RB Tower, B-172, Kanpur Rd, Behind iDelta | Phoenix Mall, Lucknow, Lucknow, Uttar Pradesh 226005"
Woods Cafe Indira Priyadarshani Park,Haryana,Ghaziabad,Uttar Pradesh,Ghaziabad,Canonical city-to-state consistency correction,"Indira Priyadarshani Park, Arthla, Mohan Nagar, Ghaziabad, Uttar Pradesh 201001"
Ansal Plaza Mall,Karnataka,Noida,Uttar Pradesh,Noida,Canonical city-to-state consistency correction,"ANSAL PLAZA MALL SHOPPING COMPLEX, Pari Chowk, Greater Noida, Uttar Pradesh 201310"
MR Hypermarket,Maharashtra,Kozhikode,Kerala,Kozhikode,Canonical city-to-state consistency correction,"Wayanad Rd, Moozhikkal, Kozhikode, Kerala"
Ather Space Siliguri,Delhi,Siliguri,West Bengal,Siliguri,Terminal state evidence in address,"Sevoke Rd, opposite Vishal Cinema Hall, Ward Number 13, Bankim Nagar, Siliguri, West Bengal"
Mitraa Super Market,Maharashtra,Visakhapatnam,Andhra Pradesh,Visakhapatnam,Canonical city-to-state consistency correction,"BRTS Rd, A Zone, Sujatha Nagar, Pendurthi, Visakhapatnam, Andhra Pradesh"
Patanjali Mega Store Sakkardara,Tamil Nadu,Nagpur,Maharashtra,Nagpur,Canonical city-to-state consistency correction,"205, Sakkardara Police Chowki Rd, Anand Nagar, Azamshah Layout, Nagpur, Maharashtra"
Patanjali Store Wardhaman Nagar,Rajasthan,Nagpur,Maharashtra,Nagpur,Canonical city-to-state consistency correction,"36-65, Nagpur - Bhandara - Rajnandgaon - Raipur Hwy, Chapru Nagar, Shashtri Nagar"
"Throttle Shrottle Moto Cafe, Noida",Kerala,Noida,Uttar Pradesh,Noida,Canonical city-to-state consistency correction,"Village rohillapur. Opposite step by step school sector-132, Noida - 201304"
"Sangeetha Mobiles, HBR Layout",Gujarat,Bengaluru,Karnataka,Bengaluru,Canonical city-to-state consistency correction,"No 54, 80 Feet Main Road, Next to Muthoot Finance, HBR Layout,"
Hyatt Raipur,Maharashtra,Raipur,Chhattisgarh,Raipur,Terminal state evidence in address,"National Highway 6, Jivan Vihar, Labhandih, Chhattisgarh"
Vasant oasis,Uttar Pradesh,Mumbai,Maharashtra,Mumbai,Canonical city-to-state consistency correction,"Borosil Plot,off, Makwana Rd, Marol, Andheri East, Mumbai, Maharashtra"
NMR Enclave,Uttar Pradesh,Bengaluru,Karnataka,Bengaluru,Canonical city-to-state consistency correction,"7/22, NMR enclave, Ejipura main Road , Near Ejipura signal"
Cafe Labasa Goa,Uttarakhand,Goa,Goa,Goa,Canonical city-to-state consistency correction,"590/III-A, Caramorod, Chinchinim, Goa"
The Coffee Stories,Andhra Pradesh,Pune,Maharashtra,Pune,Canonical city-to-state consistency correction,"2, Meher classic, shop no:2, opp N.K.Ashiyana society, Marketyard, pune, near unity bakers, Pune, Maharashtra"
"Sulaimani Club, Kottakkal",Tamil Nadu,Malappuram,Kerala,Malappuram,Canonical city-to-state consistency correction,"XXMX+J2F, Palathara, Kerala"
Shree Purohit Thali,Kerala,Nashik,Maharashtra,Nashik,Canonical city-to-state consistency correction,"bus stop, Andhashala, Nashik - Pune Rd, Nashik, Maharashtra"
Morning Star Car Accessories,Karnataka,Goa,Goa,Goa,Canonical city-to-state consistency correction,"Jackni Vaddo, Parra, Goa"
"Magenta, Hosur Road",Kerala,Bengaluru,Karnataka,Bengaluru,Canonical city-to-state consistency correction,"Pattalama Layout, Hosur Rd, Singasandra"
"The Chocolate Room, Bangalore",Maharashtra,Bengaluru,Karnataka,Bengaluru,Canonical city-to-state consistency correction,"No 412, 4th G Main Road, 2nd Block, HRBR Layout, Kalyan Nagar,"
AtherSpace Nagpur,Punjab,Nagpur,Maharashtra,Nagpur,Canonical city-to-state consistency correction,"Ojas Building, Beside Batukbhai Jewellers, West High Court Road, Dharampeth"
Xavier Institute of Engineering,Rajasthan,Mumbai,Maharashtra,Mumbai,Canonical city-to-state consistency correction,"Opposite S.L.Raheja Hospital, Mahim Causeway, Mahim (West), Raheja Hospital Marg, Mumbai, Maharashtra"
Purnima Sweet's,Goa,Nashik,Maharashtra,Nashik,Canonical city-to-state consistency correction,"Takli Rd, opp Vishwabharti society, Swanand Society, Dwarka, Nashik, Maharashtra"
"CADD Centre, RK Salai",Goa,Chennai,Tamil Nadu,Chennai,Canonical city-to-state consistency correction,"Yellow Pages Building, 25, Dr Radha Krishnan Salai, Dwarka Colony, Mylapore"
"Adyar Ananda Bhavan, Navakari | Zeon",Madhya Pradesh,Coimbatore,Tamil Nadu,Coimbatore,Canonical city-to-state consistency correction,"285, Palakkad main road, Navakarai"
Lakshmi Pazhamudir And Supermarket,Maharashtra,Coimbatore,Tamil Nadu,Coimbatore,Canonical city-to-state consistency correction,"post Gas company, Mettupalayam Rd, Ranganayaki Nagar, Dhamu Nagar, Therkkuppalayam, Coimbatore, Tamil Nadu"
"MR Hyper Market, Wayanad Road",Maharashtra,Kozhikode,Kerala,Kozhikode,Canonical city-to-state consistency correction,"8V9M+CM3, Kozhikode, Kerala"
KR Journey Planners,Tamil Nadu,Surat,Gujarat,Surat,Canonical city-to-state consistency correction,"Beside Sahaj Super Store, Anand Mahal Rd, Honey Park, Adajan Gam, Adajan, Surat, Gujarat"
KR Journey,Tamil Nadu,Surat,Gujarat,Surat,Canonical city-to-state consistency correction,"p767, Ashwini Kumar Road, New GIDC"
Shiven Satellite Vision,Puducherry,Goa,Goa,Goa,Canonical city-to-state consistency correction,"City Plaza, Phase 2, Pedda, Margao, Goa"
Detailing Bull,Jammu and Kashmir,Gurugram,Haryana,Gurugram,Canonical city-to-state consistency correction,"F7, Shushant Lok 2 Near Hong Kong Bazar, Sector 57, Gurugram, Haryana 122011"
SAR Motors,Rajasthan,Guwahati,Assam,Guwahati,Station-specific state correction,"Bora Commercial Complex, opposite ABC Compound, Nalapara, Lokhra, Assam"
R R Sales,Madhya Pradesh,Guwahati,Assam,Guwahati,Station-specific state correction,"Saraf Building, Near Police Reserve RLY gate, no 2, Assam Trunk Rd, Guwahati, Assam"
"Vishnu Tradex, Shreekunj Elegance",Delhi,Ahmedabad,Gujarat,Ahmedabad,Canonical city-to-state consistency correction,"2 SHREEKUNJ ELIGANCE, near SAHAJ PARADISE BANGLOW, Ahmedabad, Gujarat"
Naksh Auto World,Maharashtra,Ghaziabad,Uttar Pradesh,Ghaziabad,Canonical city-to-state consistency correction,"Maharaja Agarsain Marg, Mohan Meakin Society, Sector 5, Vasundhara, Ghaziabad, Uttar Pradesh 201012"
Royal Global University,Delhi,Guwahati,Assam,Guwahati,Station-specific state correction,"NH-37, opp. Tirupati Balaji Temple"
Loom Solar Warehouse,Delhi,Faridabad,Haryana,Faridabad,Canonical city-to-state consistency correction,"Plot No. 21, 1, Mathura Rd, Pocket 3, Rajiv Enclave, Sector 6, Faridabad, Haryana 121006"
"Ather Space, Guwahati",Punjab,Guwahati,Assam,Guwahati,Station-specific state correction,"2nd Floor, JKON building, opp. Sonaram School, Bharalumukh"
Guy Car Steamer,Rajasthan,Bengaluru,Karnataka,Bengaluru,Canonical city-to-state consistency correction,"No 60 Next to Sobha Classic 83-B Narayanareddy Layout, Haralur Main Rd"
AtherSpace Belgaum,Rajasthan,Belgaum,Karnataka,Belgaum,Canonical city-to-state consistency correction,"Bellad Enterprises, Vengurla - Belgaum Rd, Vinayak Nagar, Vijaynagar, Belagavi"
Ather Service Centre,Rajasthan,Guwahati,Assam,Guwahati,Station-specific state correction,"House No 20,Janapath Lane,Ulubari"
Ather Space Vijayawada,Delhi,Vijayawada,Andhra Pradesh,Vijayawada,Terminal state evidence in address,"KP Nagar Main Rd, Gurunanak Nagar, K P Nagar, Benz Circle, Vijayawada, Andhra Pradesh"
Turf Trident,Maharashtra,Chennai,Tamil Nadu,Chennai,Canonical city-to-state consistency correction,"56, Lakeview garden, Korattur"
Ather Space Tirupati,Maharashtra,Tirupati,Andhra Pradesh,Tirupati,Canonical city-to-state consistency correction,"Vedhavyasa Bhavan, AIR Bypass Road, Royal Nagar, Tirupati, Andhra Pradesh"
Area 51 - The cafu00e9 hideout,Maharashtra,Visakhapatnam,Andhra Pradesh,Visakhapatnam,Canonical city-to-state consistency correction,"Area 51- The cafu00e9 hideout, Hill view conventions, IT Sez,Hill No.2 Plot-F,on the way to Mouri tech, Andhra Pradesh"
"Ather space, Malappuram",Maharashtra,Malappuram,Kerala,Malappuram,Canonical city-to-state consistency correction,"SH 72, Kizhakkethala, Down Hill, Malappuram, Kerala 676505"
"Ather Space, Tirur",Tamil Nadu,Tirur,Kerala,Tirur,Terminal state evidence in address,"Pookkayil, Tirur, Kerala"
Ather Space Kolhapur,Kerala,Kolhapur,Maharashtra,Kolhapur,Canonical city-to-state consistency correction,"C.S. No. 195K/2K, Kavala Naka, E-Ward, Kolhapur"
AtherSpace Rajajinagar,Gujarat,Bengaluru,Karnataka,Bengaluru,Canonical city-to-state consistency correction,"No. 0025 (Old no.1003), 59th C Cross, 4th M Block, Sriram Mandir, Dr.Rajkumar Road, Rajaji Nagar"
"Radisson Resort, ECR",Andhra Pradesh,Chennai,Tamil Nadu,Chennai,Canonical city-to-state consistency correction,ECR
Nikshan Electronics,Telangana,Kannur,Kerala,Kannur,Canonical city-to-state consistency correction,"Nikshan Arena, Bank Rd, Padanapalam, Kannur, Kerala"
"E Planet, Thalassery",Andhra Pradesh,Kannur,Kerala,Kannur,Canonical city-to-state consistency correction,"AVK Nair Road, Pilakool, Thalassery, Kerala"
Oyo Soho,Andhra Pradesh,Noida,Uttar Pradesh,Noida,Canonical city-to-state consistency correction,"D-141, Block D, Sector 51, Noida, Uttar Pradesh 201301"
M R A Restaurant,Andhra Pradesh,Kannur,Kerala,Kannur,Canonical city-to-state consistency correction,"Kasaragod - Kannur Rd, Trichambaram, Taliparamba, Kerala"
"AIMA Charging Station, Karinganad",Telangana,Malappuram,Kerala,Malappuram,Canonical city-to-state consistency correction,"Karinganad, Vilayur PO, Pattambi Taluk"
Kekiz Malleswaram,Telangana,Bengaluru,Karnataka,Bengaluru,Canonical city-to-state consistency correction,"No 280, Ira Arcade, 18th Cross, Sampige Road, Malleswaram,"
Muthiah Towers,Telangana,Tiruchirappalli,Tamil Nadu,Tiruchirappalli,Canonical city-to-state consistency correction,"Muthiah Towers, 1, Royal Rd, Cantonment, Tiruchirappalli, Tamil Nadu"
"Chai Point, Bellandur",Telangana,Bengaluru,Karnataka,Bengaluru,Canonical city-to-state consistency correction,"4, Marathahalli - Sarjapur Outer Ring Rd, Koramangala 6 Block, Bellandur"
HOTEL REDWINGS CASTLE,Karnataka,Mumbai,Maharashtra,Mumbai,Canonical city-to-state consistency correction,"Near to Orion Mall/ New Panvel Bridge, Old, Mumbai - Pune Expy,"
Radisson Bengaluru City Center,Delhi,Bengaluru,Karnataka,Bengaluru,Canonical city-to-state consistency correction,"2, Gangadhar Chetty Rd, Yellappa Chetty Layout, Sivanchetti Gardens, Halasuru"
Ather Space - Dehradun,Delhi,Dehradun,Uttarakhand,Dehradun,Terminal state evidence in address,"56, Rajpur Rd, near Hotel Madhuban, IAS Officers Colony, Kairwaan Gaon, Dehradun, Uttarakhand 248009, India"
Hotel Om Navratna,Delhi,Mumbai,Maharashtra,Mumbai,Canonical city-to-state consistency correction,"1/766, Old Mumbai Pune Highway, Near Agarwal Movers & Packers Ltd, at post Chouk"
Ather Space Mangalore,Punjab,Mangalore,Karnataka,Mangalore,Canonical city-to-state consistency correction,"No 3-30-2399/2, Pound Graden, Kadri Road, Behind City Hospital"
Ather Space Kannur,Punjab,Kannur,Kerala,Kannur,Canonical city-to-state consistency correction,"Crux Mobility Pvt Ltd, City Tower, Near Har Cars"
"Ather Space, Thrissur",Karnataka,Thrissur,Kerala,Thrissur,Canonical city-to-state consistency correction,"Autostarke Energy Pvt Ltd, 14/3 A1, Puzhakkal"
Hitech Motors,Maharashtra,Tirupati,Andhra Pradesh,Tirupati,Canonical city-to-state consistency correction,"Kanigiri - Tirupathi Rd, SV Auto Nagar, Tirupati, Andhra Pradesh"
"Ather Space, Palakkad",Jharkhand,Palakkad,Kerala,Palakkad,Canonical city-to-state consistency correction,"KVR Green Energy Pvt Ltd , TS2 Ventures , Mercy College Junction"
Cashew Tree,Odisha,Goa,Goa,Goa,Canonical city-to-state consistency correction,"Vaddy, Candolim, Candolim, Goa"
MMA Matrix Gym,West Bengal,Kolhapur,Maharashtra,Kolhapur,Canonical city-to-state consistency correction,"MMA Matrix Gym, 1st Floor, Desai House, 7th Ln,"
Akki's Bistro,Andhra Pradesh,Kolhapur,Maharashtra,Kolhapur,Canonical city-to-state consistency correction,"CS No 1082, Chandrameela Building, Near Krishna temple, Mohite park, Kolhapur, Maharashtra 416012"
Roy ka rasoi,Chhattisgarh,Siliguri,West Bengal,Siliguri,Terminal state evidence in address,"Netaji Subhas Road, Ward 20, Subhas Pally, Siliguri, West Bengal"
Hotel Kuppana,Delhi,Tirupati,Andhra Pradesh,Tirupati,Canonical city-to-state consistency correction,"5th Cross Rd, Tirumala Reddy Nagar, Mangalam, Tirupati, Andhra Pradesh 517507"
Guru Sweets & Snacks,Punjab,Siliguri,West Bengal,Siliguri,Terminal state evidence in address,"Khaprail Bazar Near R.P Trading, Khopalasi, West Bengal"
Crazy Coffee,Maharashtra,Jaipur,Rajasthan,Jaipur,Canonical city-to-state consistency correction,"Shop no. 9, Vardhman Nagar, near PUNO 200ft By Pass, Ajmer Rd, Jaipur"
Sultan of Flavours Restaurant,Maharashtra,Palakkad,Kerala,Palakkad,Canonical city-to-state consistency correction,"Stadium Bypass Rd, Sultanpet, Palakkad"
Kalanthans Cafe,Maharashtra,Kochi,Kerala,Kochi,Canonical city-to-state consistency correction,"Palarivattom, Kochi"
Devaragam Hotel,Maharashtra,Thrissur,Kerala,Guruvayur,High-confidence station/address locality correction,"Outer Ring Road, Opp Railway Station, East Nada, Guruvayur"
Ather Space Thane,Rajasthan,Mumbai,Maharashtra,Mumbai,Canonical city-to-state consistency correction,"Shop No. 4, Mansarovar, Opp. TMC Building, Almeda Rd,"
Irani Chai,Delhi,Bengaluru,Karnataka,Bengaluru,Canonical city-to-state consistency correction,"294, 15th Cross Rd, Sector 4, HSR Layout, Bengaluru"
"Ather Space, Kollam",Tamil Nadu,Kollam,Kerala,Kollam,Canonical city-to-state consistency correction,"Raj Plaza Building, Kilikkolloor P.O, Kollam"
"Naattarasan, Urapakkam",Kerala,Chennai,Tamil Nadu,Chennai,Canonical city-to-state consistency correction,"No: 245, GST Road, Opp to Indian Oil Bunk, Urapakkam, Chennai, Tamil Nadu"
Hungry Hippo,Kerala,Visakhapatnam,Andhra Pradesh,Visakhapatnam,Canonical city-to-state consistency correction,"50-49-43/A, TPT Colony, Balayya Sastri Layout, Seethammadara, Visakhapatnam, Andhra Pradesh 530013"
F3 Drive-in,Kerala,Hyderabad,Telangana,Hyderabad,Canonical city-to-state consistency correction,"near Fusion International School, Ameenpur, Miyapur, Telangana"
"IOCL - MC2, Industrial Area II",Punjab,Chandigarh,Chandigarh,Chandigarh,Canonical city-to-state consistency correction,"Indian OIL - MC 2 , Industrial area Phase-II MC Site, CHANDIGARH TOZIRAKPUR ROAD AT INDUSTRIAL AREA, PHASE-II, CHANDIGARH (U.T.), Chandigarh, PIN: 160002"
"Hotel Grand Leela Krishna, Bhimavaram",Madhya Pradesh,Bhimavaram,Andhra Pradesh,Bhimavaram,Terminal state evidence in address,"Undi Rd, Balusumoodi, Bhimavaram, Andhra Pradesh 534202"
"ARDEE MALL, Sec 52 Gurgaon",Delhi,Gurugram,Haryana,Gurugram,Canonical city-to-state consistency correction,"Ardee City Road, Sector 52, Gurgaon-122022"
"Orange Auto, Karkhana",Telangana,Hyderabad,Telangana,Secunderabad,High-confidence station/address locality correction,"Plot No 54, Gayatri Westend Kakaguda, Karkhana, Secunderabad - 500015"
"Yaksh The Art People, Delhi-Jaipur Highway",Rajasthan,Sayri,Rajasthan,Jaipur,High-confidence station/address locality correction,"Yaksh, The Art People, Delhi-Jaipur Highway, Syari, Rajasthan 303002"
"Trimurti Petroleum, Panvel",Maharashtra,Navi Mumbai,Maharashtra,Panvel,High-confidence station/address locality correction,"GUT NO.151/2, VILLAGE - AJIVALI, TALUKA - PANVEL, RAIGAD, AJIVALI, 410216"
"Mr. Lalit Jenau00e2u0080u0098s Site, Panikoili",Rajasthan,Jajpur,Odisha,Jajpur,Canonical city-to-state consistency correction,"Beside Prasanta Filling Station(BPCL), Plot 1632, Mouza, Baliposi, PO: Baliposi, PS: Sathipur, Panikoili District, Jajpur 755025"
"HPCL - Badarpur Service Station, Gazipur",Uttar Pradesh,Delhi,Delhi,Delhi,Station-specific state correction,"Integrated Freight Complex, Mayur Vihar Phase III, Gharoli, Delhi, Uttar Pradesh 110096"
Volltic PCS03,Maharashtra,Indore,Madhya Pradesh,Indore,Canonical city-to-state consistency correction,"Paschim vidyut vitran co Ltd, GPH compound, Indore, Pologround,madhya pradesh"
HPCL Autocare Sajgaon,Maharashtra,Lonavala,Maharashtra,Khopoli,High-confidence station/address locality correction,"Dahivati Tarf Boreti, Maharashtra 410203"
Hotel Aishwarya Bhavan (Safa Electric),Tamil Nadu,Villupuram,Tamil Nadu,Tindivanam,High-confidence station/address locality correction,"Chennai - Trichy Highway, Tindivanam, Tamil Nadu - 604001"
KSEBL OLAI,Kerala,Thiruvananthapuram,Kerala,Kollam,High-confidence station/address locality correction,"NH 66, T D Nagar, Olayil, High School Jun, Kollam, Kerala 691009"
KSEBL PALARIVATTOM,Kerala,Thiruvananthapuram,Kerala,Kochi,High-confidence station/address locality correction,"Palarivattom - Edappally Rd, Sonia Nagar, Palarivattom, Ernakulam, Kerala 682565"
KSEBL VIYYUR,Kerala,Thiruvananthapuram,Kerala,Thrissur,High-confidence station/address locality correction,"H668+2VH, Padukad, Keltron Nagar, Kolazhy, Thrissur, Kerala 680010"
KSEBL NALLALAM,Kerala,Thiruvananthapuram,Kerala,Kozhikode,High-confidence station/address locality correction,"Modern Bazar, Nallalam, Kozhikode, Kerala 673018"
KSEBL CHOVVA,Kerala,Thiruvananthapuram,Kerala,Kannur,High-confidence station/address locality correction,"Kannur - Kuthuparamba Rd, Elayavoor, Kerala 670331"
MG BENGALURU,Karnataka,Electronic City,Karnataka,Bengaluru,High-confidence station/address locality correction,"195/6/2,WARD NO 192,BHARATENA AGRAHARA,LAVA KUSHA NAGAR,HOSUR ROAD,KARNATAKA 560100 BENGALURU"
Sri Durga Bhavan Elite (Devika Yogaraajan Charging Station),Tamil Nadu,Vellore,Tamil Nadu,Pallikonda,High-confidence station/address locality correction,"Near HP Petrol Pump, Pallikonda, Tamil Nadu, 635809"
Paschim Vidyut Vitaran Pologround,Madhya Pradesh,Ujjain,Madhya Pradesh,Indore,High-confidence station/address locality correction,"GPH Compound, Polo Ground, Indore, Madhya Pradesh 452003"
Adyar Ananda Bhavan I Navakkarai,Tamil Nadu,Walayar,Tamil Nadu,Coimbatore,High-confidence station/address locality correction,"Adyar Ananda Bhavan Restaurant, 285, Palakkad Main Rd, MahendraMedu, Navakarai, Coimbatore, Tamil Nadu 641105"
GJ | Chikhali | Chikhli - Hotel Empire,Maharashtra,Gujarat,Gujarat,Chikhli,High-confidence station/address locality correction,"Hotel Empire, PO- Rola, Via- Dungri, NH-8, Gujarat 396375"
"AIRIA MALL, Sec 68 Sohna Road",Delhi,Gurugram,Haryana,Gurugram,Canonical city-to-state consistency correction,"Sector 68, Sohna Road, Gurgaon 122018n"
"DLF - The Crest, Sec 43",Delhi,Gurugram,Haryana,Gurugram,Canonical city-to-state consistency correction,"DLF Phase 5, Sector 43, Gurugram, Haryana 122002"
"DLF - The Camellias, Golf Course Road",Delhi,Gurugram,Haryana,Gurugram,Canonical city-to-state consistency correction,"The Camellias, Golf Course Road , Gurgaon - 122009"
"Ginger Hotel, Sector- 63",Delhi,Noida,Uttar Pradesh,Noida,Canonical city-to-state consistency correction,"Ginger Hotel Noida East East - Block-H, Sector- 63, Noida 201301"
"Vatika Market Place I, Sector 84",Delhi,Gurugram,Haryana,Gurugram,Canonical city-to-state consistency correction,"Sector 84, Gurugram, Haryana 122004"
"Vatika Market Place II, Sector 83",Delhi,Gurugram,Haryana,Gurugram,Canonical city-to-state consistency correction,"Sector 83, Gurugram, Haryana - 122004"
"Worldmark Gurgaon, Sector 65",Delhi,Gurugram,Haryana,Gurugram,Canonical city-to-state consistency correction,"Worldmark Gurgaon Maidawas Rd, Sector 65, Gurugram, Haryana 122001"
Adyar Ananda Bhavan I Navakkarai,Kerala,Walayar,Tamil Nadu,Coimbatore,High-confidence station/address locality correction,"Adyar Ananda Bhavan Restaurant, 285, Palakkad Main Rd, MahendraMedu, Navakarai, Coimbatore, Tamil Nadu 641105"
"CoastLine Garages, NH 47 Muttom",Kerala,Kochi,Kerala,Aluva,High-confidence station/address locality correction,"Opposite Metro Pillar no 155 , NH 47, Muttom , Near Aluva , Cochin-683106"
"IOCL - JRO Pongam, Thrissur",Kerala,Kizhakkummuri,Kerala,Koratty,High-confidence station/address locality correction,JUBILEE RETAIL OUTLET KORATTY SOUTH POST THRISSUR DISTRICT-680308
"Gokulam Sabari, Guruvayur",Kerala,Thrissur,Kerala,Guruvayur,High-confidence station/address locality correction,"North, Outer Ring Rd, Kuppaayil, Guruvayur, Kerala 680101"
GJ | Limbdi | HFM (Highway Food Mall),Gujarat,Gujarat,Gujarat,Limbdi,High-confidence station/address locality correction,"Highway Food Mall, Nr. Limbdi Over Bridge, National Highway No.8A, Limbdi u00e2u0080u0093 363421."
"Select Cars, Sanath Nagar",Maharashtra,Hyderabad,Telangana,Hyderabad,Canonical city-to-state consistency correction,"B-51, APIIC Rd, IDA Kukatpally, Sanath Nagar, Hyderabad, Telangana 500018"
"Select Cars, Alkapuri",Maharashtra,Hyderabad,Telangana,Hyderabad,Canonical city-to-state consistency correction,"ALKAPURI X ROADS, Nagole, Hyderabad, Telangana 500068"
"Multitech Motors, Sec 27 Faridabad",Uttar Pradesh,Faridabad,Haryana,Faridabad,Canonical city-to-state consistency correction,"Sector 19, Faridabad, Haryana 121002"
"SAB Motors, Loni Road - Industrial Area",Maharashtra,Ghaziabad,Uttar Pradesh,Ghaziabad,Canonical city-to-state consistency correction,"CF 1-1/1 to 1/5 Harsha Compound, Site II, Loni Road Industrial Area, Mohan Nagar, Ghaziabad, Uttar Pradesh - 201007"
"Croma, L.B. Nagar",Maharashtra,Hyderabad,Telangana,Hyderabad,Canonical city-to-state consistency correction,"CROMA, Ground Floor,D.V.Cascade,Plot 59A,59/B,59/C,59/D In Survey 9/9,Saroornagar Village,L.B.Nagar - 500074"
"Bikanerwala, NH 48 Panchgaon",Maharashtra,Panchgaon,Haryana,Gurugram,High-confidence station/address locality correction,"55th Mile Stone, NH 48, Kukrola, Panchgaon, Gurugram, Pin-122001"
"Panchjanya Motors, Bhosari",Maharashtra,Pune,Maharashtra,Pimpri-Chinchwad,High-confidence station/address locality correction,"Wakad - Bhosari BRTS Road, Century Enka Colony, Bhosari, Pimpri-Chinchwad,Maharashtra 411039"
"IOCL Hundred Percent Filling & Service Station, Dwarka",Maharashtra,Delhi,Delhi,Delhi,Canonical city-to-state consistency correction,"Sector 9, Dwarka, New Delhi, Delhi 110073"
MH | Nashik | Nashik | Car mall,Maharashtra,Maharashtra,Maharashtra,Nashik,High-confidence station/address locality correction,"CAR MALL, Buddha Vihar, Pathardi Phata, Nashik, Maharashtra 422010"
"RSA Motors, Industrial Area II",Punjab,Chandigarh,Chandigarh,Chandigarh,Canonical city-to-state consistency correction,"Plot No.40, Industrial Area, Phase II, chandigarh - 160002"
"IOCL - COCO IT Park, Bhagwanpura",Punjab,Chandigarh,Chandigarh,Chandigarh,Canonical city-to-state consistency correction,"IT HABITAT, Rajiv Gandhi Chandigarh Technology Park, Bhagwanpura, Chandigarh- 160101"
"Croma, Kompally",Telangana,Hyderabad,Telangana,Secunderabad,High-confidence station/address locality correction,"Ratna Arcade, Ground Floor Survey No. 128 National Highway 44, Beside, Sree Vensai Towers, Ruby Block, Kompally, Secunderabad, Telangana 500014"
"Sara Automobile, Dobhi",Uttar Pradesh,Gaya,Bihar,Gaya,Canonical city-to-state consistency correction,"Sara Automobile Pvt Ltd, Eicher agency,NH-2 Opp: Punjab National Bank, Suramandal near check post, Dobhi, Gaya PIN u00e2u0080u0093 824201"
"UK 27, The Fern",Maharashtra,Belagavi,Karnataka,Belagavi,Canonical city-to-state consistency correction,"UK27, Fern, Ayodhya Nagar, Sadashiv Nagar, nBelagavi"
Cassia Restaurant I Alappuzha,Tamil Nadu,Alappuzha,Kerala,Alappuzha,Canonical city-to-state consistency correction,"Cassia Restaurant, NH -47, Kommady, Alappuzha, Kerala 688008"
Hotel Kalyan Grand I Vandalur,Tamil Nadu,"Vandalur, Chennai",Tamil Nadu,Chennai,High-confidence station/address locality correction,"Kalyan Grand - a business hotel, 247 Grand Southern Trunk Rd, Next to Vandalur Zoo, Chennai, Tamil Nadu 600048"
Tata Power,Maharashtra,Pune,Maharashtra,Indapur,Canonical city normalization / locality correction,"Hotel Swamiraj Executive, Pune-Solapur Highway, Hotel Swamiraj Executive, Opposite to Saradewadi Toll Plaza,, Pune-Solapur Highway,Indapur, Pune, Maharashtra 413106"
